{
    "success": true,
    "data": [
        {
            "cid": 0,
            "node": {
                "nid": 0,
                "type": "video",
                "image": "http://lorempixel.com/400/400/abstract/8"
            },
            "user": {
                "uid": 855,
                "firstname": "Robert",
                "lastname": "Thornton",
                "avatar": "http://lorempixel.com/80/80/people/6"
            },
            "content": "Lorem excepteur dolore non voluptate consectetur voluptate irure ex tempor. Et ad dolore Lorem cupidatat fugiat. Cupidatat culpa sint sint exercitation eiusmod nulla. Enim qui velit pariatur ullamco non ea eu consectetur ex aute esse ullamco cillum. Amet eiusmod minim ut laboris consequat irure non velit sit incididunt incididunt tempor.\r\n",
            "datetime": "2000-07-22T15:13:53"
        }
    ],
    "message": ""
}