{
    "success": true,
    "data": [
        {
            "nid": 0,
            "user": {
                "uid": 0,
                "firstname": "Sparks",
                "lastname": "Bertie",
                "avatar": "/upload/avatar/u12.jpg"
            },
            "country": {
                "countryid": 86,
                "country_name": "China",
                "flag_icon": "/upload/country/cn.gif"
            },
            "type": "photo",
            "image": "/upload/p0.jpg",
            "video": "/upload/v0.mp4",
            "description": "#test #123 Dolore consectetur nisi aliquip laborum adipisicing veniam tempor duis deserunt nulla aliquip elit. Cillum ut irure qui commodo et ipsum incididunt elit aute ex consequat. Aute qui officia excepteur tempor commodo laborum aliquip duis sunt reprehenderit veniam reprehenderit velit ad. Nulla cillum exercitation Lorem irure. Aute sint qui ex duis tempor. Nostrud culpa id sunt non dolor aute non eu laboris velit ipsum ea amet. Ullamco magna eiusmod consectetur nisi id consectetur ea ex in id cupidatat cupidatat enim voluptate.\r\n",
            "hashtag": [
                "#test",
                "#123"
            ],
            "comment_count": 199,
            "like_count": 21,
            "status": "1",
            "datetime": "1989-02-18T13:41:44 -08:00"
        },
        {
            "nid": 1,
            "user": {
                "uid": 1,
                "firstname": "Merrill",
                "lastname": "Stokes",
                "avatar": "/upload/avatar/u12.jpg"
            },
            "country": {
                "countryid": 86,
                "country_name": "China",
                "flag_icon": "/upload/country/cn.gif"
            },
            "type": "photo",
            "image": "/upload/p1.jpg",
            "video": "/upload/v1.mp4",
            "description": "#test #123 Aliqua labore eu voluptate dolor officia cupidatat labore culpa duis. Veniam fugiat eu adipisicing cillum labore quis consectetur irure enim dolor excepteur. Laborum officia enim voluptate ullamco minim quis do sit ullamco dolore ad. Consectetur aliqua qui nostrud et minim tempor occaecat consectetur pariatur esse minim. Lorem incididunt consectetur labore duis dolor minim aute quis culpa ex. Voluptate labore cupidatat aute irure labore in elit id exercitation magna do ea amet.\r\n",
            "hashtag": [
                "#test",
                "#123"
            ],
            "comment_count": 259,
            "like_count": 534,
            "status": "1",
            "datetime": "2002-10-13T23:04:20 -08:00"
        },
        {
            "nid": 2,
            "user": {
                "uid": 2,
                "firstname": "Webster",
                "lastname": "Lenore",
                "avatar": "/upload/avatar/u12.jpg"
            },
            "country": {
                "countryid": 86,
                "country_name": "China",
                "flag_icon": "/upload/country/cn.gif"
            },
            "type": "photo",
            "image": "/upload/p2.jpg",
            "video": "/upload/v2.mp4",
            "description": "#test #123 Aute labore culpa cupidatat ad amet et pariatur excepteur pariatur deserunt voluptate et elit. Ullamco labore Lorem laborum consequat occaecat nisi id. Irure amet tempor esse aliqua culpa. Pariatur ad adipisicing laboris minim aliqua esse in aute consequat do adipisicing exercitation Lorem nulla. Aliqua voluptate ea aliquip magna consequat commodo. Commodo tempor magna eu magna nulla reprehenderit sit.\r\n",
            "hashtag": [
                "#test",
                "#123"
            ],
            "comment_count": 753,
            "like_count": 783,
            "status": "1",
            "datetime": "1994-09-29T20:16:55 -08:00"
        },
        {
            "nid": 3,
            "user": {
                "uid": 3,
                "firstname": "Rutledge",
                "lastname": "Dianne",
                "avatar": "/upload/avatar/u12.jpg"
            },
            "country": {
                "countryid": 86,
                "country_name": "China",
                "flag_icon": "/upload/country/cn.gif"
            },
            "type": "video",
            "image": "/upload/p3.jpg",
            "video": "/upload/v3.mp4",
            "description": "#test #123 Enim reprehenderit sunt in occaecat id commodo sint incididunt ex deserunt irure magna excepteur. Qui dolor eu eu duis occaecat labore minim sint. Pariatur sint est aute tempor duis eiusmod enim aliquip consequat cillum laboris laborum anim. Proident laboris qui laboris esse elit deserunt culpa duis aliquip exercitation dolore dolor proident. Excepteur elit est sint ullamco laborum reprehenderit eiusmod sit do non officia occaecat aute. Exercitation voluptate reprehenderit duis enim nisi pariatur officia consequat ut et laboris ex nostrud.\r\n",
            "hashtag": [
                "#test",
                "#123"
            ],
            "comment_count": 252,
            "like_count": 53,
            "status": "1",
            "datetime": "1990-02-22T08:22:06 -08:00"
        },
        {
            "nid": 4,
            "user": {
                "uid": 4,
                "firstname": "Moss",
                "lastname": "Mcguire",
                "avatar": "/upload/avatar/u12.jpg"
            },
            "country": {
                "countryid": 86,
                "country_name": "China",
                "flag_icon": "/upload/country/cn.gif"
            },
            "type": "video",
            "image": "/upload/p4.jpg",
            "video": "/upload/v4.mp4",
            "description": "#test #123 Excepteur non irure velit velit commodo. Sint cillum dolor ipsum occaecat. Lorem duis magna dolore sint nostrud pariatur nisi cupidatat ut laboris commodo. Esse et cillum ad velit magna ad duis reprehenderit velit proident. Dolore sint sunt in in amet eu dolor amet deserunt aute reprehenderit non.\r\n",
            "hashtag": [
                "#test",
                "#123"
            ],
            "comment_count": 607,
            "like_count": 852,
            "status": "1",
            "datetime": "2007-01-03T12:17:15 -08:00"
        }
    ],
    "message": ""
}